{"score": 1.0, "_timestamp": 1719583418.4638898, "_runtime": 180.53944492340088, "_step": 80, "loss_tok2vec": 91.9949174744126, "loss_ner": 29.054673809869097, "token_acc": 0.9999366727882971, "token_p": 0.99955670951808, "token_r": 0.9997466430200151, "token_f": 0.9996516672472212, "ents_p": 1.0, "ents_r": 1.0, "ents_f": 1.0, "ents_per_type": {"PROGLANG": {"p": 1.0, "r": 1.0, "f": 1.0}}, "speed": 115387.3558504702, "_wandb": {"runtime": 180}}