{
  "lang":"en",
  "name":"ner_proglang",
  "version":"0.0.0",
  "description":"",
  "author":"",
  "email":"",
  "url":"",
  "license":"",
  "spacy_version":">=3.5.4,<3.6.0",
  "spacy_git_version":"7a2833bf2",
  "vectors":{
    "width":0,
    "vectors":0,
    "keys":0,
    "name":null
  },
  "labels":{
    "tok2vec":[

    ],
    "ner":[
      "BACKEND",
      "CLOUD",
      "FRONTEND",
      "MOBILE"
    ]
  },
  "pipeline":[
    "tok2vec",
    "ner"
  ],
  "components":[
    "tok2vec",
    "ner"
  ],
  "disabled":[

  ],
  "performance":{
    "ents_f":0.9826268242,
    "ents_p":0.976519337,
    "ents_r":0.9888111888,
    "ents_per_type":{
      "BACKEND":{
        "p":0.9891008174,
        "r":0.9918032787,
        "f":0.9904502046
      },
      "FRONTEND":{
        "p":0.9841269841,
        "r":0.9880478088,
        "f":0.986083499
      },
      "CLOUD":{
        "p":0.9512195122,
        "r":0.9873417722,
        "f":0.9689440994
      },
      "MOBILE":{
        "p":0.7826086957,
        "r":0.9473684211,
        "f":0.8571428571
      }
    },
    "tok2vec_loss":249.6837728867,
    "ner_loss":147.5832154585
  },
  "requirements":[

  ]
}