{"score": 0.9805825242718446, "_timestamp": 1720190241.1974242, "_runtime": 662.9992251396179, "_step": 257, "loss_tok2vec": 279.5291676762872, "loss_ner": 156.95239632784498, "token_acc": 1.0, "token_p": 1.0, "token_r": 1.0, "token_f": 1.0, "ents_p": 0.9724896836313618, "ents_r": 0.9888111888111888, "ents_f": 0.9805825242718446, "ents_per_type": {"BACKEND": {"p": 0.9811827956989247, "r": 0.9972677595628415, "f": 0.9891598915989159}, "FRONTEND": {"p": 0.984, "r": 0.9800796812749004, "f": 0.9820359281437127}, "CLOUD": {"p": 0.9512195121951219, "r": 0.9873417721518988, "f": 0.968944099378882}, "MOBILE": {"p": 0.782608695652174, "r": 0.9473684210526315, "f": 0.8571428571428571}}, "speed": 116873.86322426538, "_wandb": {"runtime": 662}}